<?xml version="1.0" encoding="UTF-8" standalone="no" ?>
<CustomPhysics Name="CustomPhysics">

  <Defaults>
    <Relevance Name="Relevance">
      <Summary Name="Summary"><!--
			Indicates a preference toward high speed (-100) or high accuracy (+100) solutions.  
		--></Summary>
      <Value>0</Value>
    </Relevance>
  </Defaults>

  <Sizing Name="Sizing">
    <UseAdvancedSizeFunction Name="UseAdvancedSizeFunction">
      <Summary><!-- 
			Options for UseAdvancedSizeFunction are:
				0: Off;
				1: On: Proximity and Curvature,
                2: On: Curvature,
				3: On: Proximity, 
				4: On: Fixed 
		--></Summary>
      <Value>0</Value>
    </UseAdvancedSizeFunction>
    <UseFixedSizeFunctionForSheets>
      <Summary><!-- 
			Options for UseFixedSizeFunctionForSheets are:
				0: No;
				1: Yes
		--></Summary>
      <Value>0</Value>
    </UseFixedSizeFunctionForSheets>
    <RelevanceCenter>
      <Summary><!-- 
			Options for RelevanceCenter are:
				0: Coarse;
				1: Medium;
				2: Fine
		 --></Summary>
      <Value>0</Value>
    </RelevanceCenter>
    <ElementSize>
      <Summary><!-- 
			Element size to be used for entire model:
		--></Summary>
      <Value>0.0</Value>
    </ElementSize>
    <InitialSizeSeed>
      <Summary><!-- 
			Options for InitialSizeSeed are:
				0: Active Assembly;
				1: Full Assembly;
				2: Part
		 --></Summary>
      <Value>0</Value>
    </InitialSizeSeed>
    <Smoothing>
      <Summary><!--
			Options for Smoothing are:
				0: Low;
				1: Medium;
				2: High 
		--></Summary>
      <Value>1</Value>
    </Smoothing>
    <Transition>
      <Summary><!-- 
			Options for Transition are:
				0: Fast;
				1: Slow;
		 --></Summary>
      <Value>0</Value>
    </Transition>
    <SpanAngleCenter>
      <Summary><!--
		Options for SpanAngleCenter are:
			0: Coarse;
			1: Medium;
			2: Fine
		 --></Summary>
      <Value>0</Value>
    </SpanAngleCenter>
    <CurvatureNormalAngle>
      <Summary><!-- 
			Maximum allowable angle that one element edge is allowed to span: minimum(default) 0, maximum: 180. 
		--></Summary>
      <Value>0</Value>
    </CurvatureNormalAngle>
    <NumCellsAcrossGap>
      <Summary><!-- 
			Minimum number of layers of elements to be generated in the gaps: minimum 0, maximum 100, default is 3.
		 --></Summary>
      <Value>3</Value>
    </NumCellsAcrossGap>
    <ProximitySizeFunctionSources>
      <Summary><!--
			Options for ProximitySizeFunction are:
				0: Faces & Edges;
				1: Faces;
				2: Edges;
		 --></Summary>
      <Value>0</Value>
    </ProximitySizeFunctionSources>
    <MinSize>
      <Summary><!-- 
			Minimum Size to be used for entire model.
		 --></Summary>
      <Value>0</Value>
    </MinSize>
    <ProximityMinSize>
      <Summary><!-- 
			Proximity Minimum Size to be used for entire model:
		 --></Summary>
      <Value>0.0</Value>
    </ProximityMinSize>
    <MaxFaceSize>
      <Summary><!-- 
			Maximum Face Size to be used for entire model:
		 --></Summary>
      <Value>0.0</Value>
    </MaxFaceSize>
    <MaxSize>
      <Summary><!-- 
			Maximum Size to be used for entire model:
		 --></Summary>
      <Value>0.</Value>
    </MaxSize>
    <GrowthRate>
      <Summary><!-- 
			Increase in element edge length with each succeeding layer of element: minimum 1, maximum 5.
		 --></Summary>
      <Value>1.2</Value>
    </GrowthRate>
  </Sizing>

  <Inflation Name="Inflation">
    <UseAutomaticInflation>
      <Summary><!-- 
			Options for Automatic Inflation are:
				0: None;
				1: Program Controlled;
				2: All Faces Chosen in Named Selection;
		 --></Summary>
      <Value>0</Value>
    </UseAutomaticInflation>
    <InflationOption>
      <Summary><!-- 
			Options for Inflation-Option are:
				0: Total Thickness;
				1: First Layer Thickness;
				2: Smooth Transition;
				3: First Aspect Ratio;
				4: Last Aspect Ratio;
		 --></Summary>
      <Value>2</Value>
    </InflationOption>
    <TransitionRatio>
      <Summary><!-- 
			The rate at which adjacent elements grow: minimum 0, maximum 1. 
		 --></Summary>
      <Value>0.272</Value>
    </TransitionRatio>
    <FirstLayerHeight>
      <Summary><!-- 
			First Layer of Inflation height. 
		 --></Summary>
      <Value>0.0</Value>
    </FirstLayerHeight>
    <MaximumLayers>
      <Summary><!-- 
			Maximum number of inflation layers to be created in the mesh: minimum 0, maximum 1000. 
		 --></Summary>
      <Value>5</Value>
    </MaximumLayers>
    <GrowthRate>
      <Summary><!-- 
			Relative thickness of adjacent inflation layers: minimum 0.1, maximum 5. 
		 --></Summary>
      <Value>1.2</Value>
    </GrowthRate>
    <InflationAlgorithm>
      <Summary><!-- 
			Inflation algorithm will be used:
				0: Pre
				1: Post
		 --></Summary>
      <Value>0</Value>
    </InflationAlgorithm>
    <InflationAdvancedOptions>
      <CollisionAvoidance>
        <Summary><!-- 
			Approach that is to be taken in areas of proximity to avoid collisions that may occur from marching inflated surface meshes from opposite sides into each other:
				0: None, 
				1: Layer Compression
				2: Stair Stepping
		 --></Summary>
        <Value>2</Value>
      </CollisionAvoidance>
      <FixFirstLayer>
        <Summary><!-- 
			Fixed First Layer of Inflation: 
			0: No; 
			1: Yes;
		--></Summary>
        <Value>0</Value>
      </FixFirstLayer>
      <GapFactor>
        <Summary><!-- 
			Controls the gap between intersecting prisms: minimum 0, maximum 2.
		 --></Summary>
        <Value>0.5</Value>
      </GapFactor>
      <MaximumHeightOverBase>
        <Summary><!-- 
			Controls the maximum allowable prism aspect ratio: minimum 0.1, maximum 5;
		 --></Summary>
        <Value>1.0</Value>
      </MaximumHeightOverBase>
      <GrowthRateType>
        <Summary><!-- 
			Controls the height of the inflation layers given the initial height and height ratio:
				0: Geometric;
				1: Exponential;
				2: Linear;
		 --></Summary>
        <Value>0</Value>
      </GrowthRateType>
      <MaximumAngle>
        <Summary><!-- 
			Controls prism layer growth around angles and when prisms will adhere (project) to adjacent surfaces/walls: minimum 90, maximum 180
		 --></Summary>
        <Value>140.0</Value>
      </MaximumAngle>
      <FilletRatio>
        <Summary><!-- 
			Control determines whether a fillet proportional to the total height of a prism element will be created when a prism element is generated in the corner zone of a tetrahedral mesh: minimum value, 0, maximum, 1.
		 --></Summary>
        <Value>1.</Value>
      </FilletRatio>
      <UsePostSmoothing>
        <Summary><!-- 
			Controls whether post-inflation smoothing will be performed: 
				0: No;
				1: Yes;
		 --></Summary>
        <Value>1</Value>
      </UsePostSmoothing>
      <SmoothingIterations>
        <Summary><!-- 
			Controls the number of post-inflation smoothing iterations that will be performed to improve the mesh: minimum 0, maximum 20.
		 --></Summary>
        <Value>5</Value>
      </SmoothingIterations>
    </InflationAdvancedOptions>
  </Inflation>

  <PatchConformingOptions Name="PatchConformingOptions">
    <TriangleSurfaceMesher>
      <Summary><!-- 
			Controls which triangle surface meshing strategy will be used by patch conforming meshers:
				0: Program Controlled;
				1: Advancing Front;
		 --></Summary>
      <Value>0</Value>
    </TriangleSurfaceMesher>
  </PatchConformingOptions>

  <PatchIndependentOptions Name="PatchIndependentOptions">
    <TopologyChecking>
      <Summary><!-- 
			Determines whether the mesher performs topology checks:
				0: No;
				1: Yes;
		 --></Summary>
      <Value>1</Value>
    </TopologyChecking>
  </PatchIndependentOptions>

  <Advanced Name="Advanced">
    <NumberOfCPUsForParallelPartMeshing>
      <Summary><!-- 
			Sets the number of processors to be used for parallel part meshing: minimum, 0; maximum 256.
		 --></Summary>
      <Value>0</Value>
    </NumberOfCPUsForParallelPartMeshing>
    <ShapeChecking>
      <Summary><!-- 
			Available options: 
				0: Standard Mechanical;
				1: Aggressive Mechanical;
				2: Electromagnetics;
				3: CFD;
				4: Explicit;
				5: None;
		 --></Summary>
      <Value>0</Value>
    </ShapeChecking>
    <ElementMidsideNodes>
      <Summary><!-- 
			Option allows you to control whether meshes are to be created with or without midside nodes. Available options: 
				0: Program Controlled;
				1: Dropped;
				2: Kept;
		 --></Summary>
      <Value>0</Value>
    </ElementMidsideNodes>
    <StraightSidedElements>
      <Summary><!-- 
			Specifies meshing to straight edge elements. Available options: 
				0: No;
				1: Yes;
		 --></Summary>
      <Value>0</Value>
    </StraightSidedElements>
    <NumberOfRetries>
      <Summary><!-- 
			Specifies the number of times the mesher will try to re-mesh if meshing fails due to poor mesh quality: minimum 0, maximum 4 
		--></Summary>
      <Value>4</Value>
    </NumberOfRetries>
    <RigidBodyBehavior>
      <Summary><!-- 
			Specifies full mesh is generated for a rigid body, rather than a surface contact mesh.
			0: Full-Mesh
			1: Dimensionally Reduced (surface mesh);
		 --></Summary>
      <Value>0</Value>
    </RigidBodyBehavior>
    <RigidBodyFaceMeshType>
      <Summary><!-- 
			Specifies face mesh type for a rigid body.
			0: Quadrilaterals;
			1: Triangles;
		 --></Summary>
      <Value>0</Value>
    </RigidBodyFaceMeshType>
  </Advanced>

  <Defeaturing Name="Defeaturing">
    <UseSheetThicknessForPinch>
      <Summary><!-- 
			Controls whether automatic pinch controls will be based on the shell thickness of the model: 
				0: No;
				1: Yes;
		 --></Summary>
      <Value>0</Value>
    </UseSheetThicknessForPinch>
    <PinchTolerance>
      <Summary><!-- 
			Specifies a tolerance for the Meshing application to use when it generates automatic pinch controls: minimum 0. 
		--></Summary>
      <Value>0</Value>
    </PinchTolerance>
    <GeneratePinchOfRefresh>
      <Summary><!-- 
			Controls whether pinch controls will be regenerated following a change made to the geometry:
				0: No;
				1: Yes;
		 --></Summary>
      <Value>0</Value>
    </GeneratePinchOfRefresh>
    <SheetLoopRemoval>
      <Summary><!-- 
			Controls whether loops will be removed by the mesher:
				0: No;
				1: Yes;
		 --></Summary>
      <Value>0</Value>
    </SheetLoopRemoval>
    <LoopRemovalTolerance>
      <Summary><!-- 
			Sets the tolerance for loop removal:
		 --></Summary>
      <Value>0.0</Value>
    </LoopRemovalTolerance>
    <AutomaticMeshBasedDefeaturing>
      <Summary><!-- 	
			When Automatic Mesh Based Defeaturing is On, features smaller than or equal to the value of Defeaturing Tolerance are removed automatically: 
				0: Off;
				1: On;
		 --></Summary>
      <Value>1</Value>
    </AutomaticMeshBasedDefeaturing>
    <DefeaturingTolerance>
      <Summary><!-- 				
			Sets the global tolerance for Automatic Mesh Based Defeaturing: minimum 0
		--></Summary>
      <Value>0</Value>
    </DefeaturingTolerance>
  </Defeaturing>

  <MeshMetric Name="MeshMetric">
    <Summary><!-- 
		Mesh Metrics Available options: 
			0: None;
			1: Element Quality;
			2: Aspect Ratio;
			3: Jacobian Ratio;
			4: Warping Factor;
			5: Parallel Deviation;
			6: Maximum Corner Angle;
			7: Skewness;
			8: Orthogonal Quality;
		 --></Summary>
    <Value>0</Value>
  </MeshMetric>

</CustomPhysics>
